{"accuracy": 0.714271506713078, "recall": 0.5254795696365677, "precision": 0.5124378704360589, "f1": 0.5103686265054238, "accuracy_numerical": 0.7009596928982725, "recall_numerical": 0.4780861944526828, "precision_numerical": 0.4541395740531436, "f1_numerical": 0.45809060356934067}
{"accuracy": 0.0048924411243157885, "recall": 0.003919822864756738, "precision": 0.0071535326966051535, "f1": 0.005032077352072566, "accuracy_numerical": 0.013186613464351347, "recall_numerical": 0.004950597521553708, "precision_numerical": 0.01745926389104245, "f1_numerical": 0.002832350242900983}
