{"accuracy": 0.6985579313774242, "recall": 0.5059124110978431, "precision": 0.4932687850260314, "f1": 0.4937407667909851, "accuracy_numerical": 0.6656429942418426, "recall_numerical": 0.43780385270527367, "precision_numerical": 0.4148793298317931, "f1_numerical": 0.4236336911569218}
{"accuracy": 0.003230309650703469, "recall": 0.004091833465482441, "precision": 0.0102478480330183, "f1": 0.007744773893277588, "accuracy_numerical": 0.004161129249266585, "recall_numerical": 0.0035597390658247503, "precision_numerical": 0.007317545478388935, "f1_numerical": 0.006727317123523328}
